Workbook

Sheet Storytelling
B3: La oferta que Lucia buscaba
B4: Lucía siempre había buscado trabajo en tecnología, pero cada portal de empleo se sentía como un laberinto interminable. Un día, alguien le recomendó una página llamada Talento Lab, donde los empleos parecían guiarte hacia la oferta que realmente estabas buscando. Se registró, un poco incrédula. En lugar de interfaces lentas y formularios interminables, la plataforma le pidió responder preguntas que realmente ayudaban a mostrar sus habilidades y preferencias. Lucía completó su perfil y, para su sorpresa, Talento Lab le mostró una oferta en un laboratorio de investigación… justo el tipo de trabajo que siempre había soñado. Con un solo clic, rellenó sus datos y se postuló. Poco después, recibió un correo del laboratorio, invitándola a una entrevista. Lucía comprendió que Talento Lab no solo había entendido su currículum, sino también sus intenciones, su estilo de trabajo y sus comodidades, haciéndole sentir que alguien realmente la había escuchado.

Sheet  Épicas, Feature y User Story
B2: Epic | C2: Feature | D2: User Story | E2: Criterio de Aceptación | F2: Requisito funcional | G2: Requisito No Funcional | H2: Manejo de Error
B3: 1.1: Navegación e Información | C3: User Story 1.1.1: Home | D3: 1.1:Como visitante, quiero visualizar información principal de Talento Lab para conocer sus servicios. 1.2:Como visitante, quiero navegar fácilmente entre las secciones del sitio para encontrar rápidamente la información que necesito. | E3: Dado que el usuario accede al sitio web cuando la página principal se carga correctamente entonces debe visualizar la información principal de Talento Lab. | F3: RF-01: El sistema debe mostrar la información principal de la plataforma. RF-02: El sistema debe permitir navegar hacia las demás secciones. RF-03: El sistema debe cargar correctamente los elementos visuales de la página. | G3: RNF-01: La página debe cargar en menos de 3 segundos. RNF-02: Debe ser compatible con los principales navegadores web. | H3: 1. Si la página no puede cargarse, el sistema debe mostrar un mensaje informativo al usuario. 2. Si algún recurso visual falla, el sistema debe mantener la navegación disponible.
C5: User Story 1.1.2: Visualización de servicios | D5: 1.1:Como visitante, quiero conocer los servicios ofrecidos por la empresa para entender cómo puede ayudarme Talento Lab. 1.2:Como empresa interesada, quiero entender cómo funciona el reclutamiento IT para evaluar si el servicio se adapta a mis necesidades. | E5: Dado que el usuario desea conocer los servicios cuando visualiza el contenido disponible entonces debe poder conocer los servicios ofrecidos. | F5: RF-01: El sistema debe listar los servicios disponibles. RF-02: El sistema debe mostrar la descripción de cada servicio. RF-03: El sistema debe permitir la consulta de la información. | G5: RNF-01: El contenido debe ser accesible desde dispositivos móviles. RNF-02: La información debe mostrarse sin errores de formato. | H5: 1. Mostrar mensaje si no existen servicios disponibles. 2. Informar cuando ocurra un error de carga.
C7: User Story 1.1.3: Testimonios | D7: 1.1:Como visitante, quiero leer testimonios, para evaluar la reputación y confianza de la empresa. 1.2:Como visitante, quiero visualizar experiencias de clientes anteriores, para conocer la calidad del servicio ofrecido por Talento Lab. | E7: Dado que el usuario accede a la sección Testimonios cuando visualiza la información disponible entonces debe poder leer las experiencias publicadas. | F7: RF-01: El sistema debe mostrar testimonios publicados. RF-02: El sistema debe permitir la lectura de cada testimonio. RF-03: El sistema debe presentar la información de forma ordenada. | G7: RNF-01: El contenido debe ser legible y accesible. RNF-02: La sección debe responder en menos de 3 segundos. | H7: 1. Mostrar mensaje cuando no existan testimonios disponibles. 2. Informar errores de carga al usuario.
C9: User Story 1.1.4: Formulario de contacto | D9: 1.1:Como visitante, quiero enviar consultas mediante un formulario de contacto para comunicarme con la empresa y resolver mis dudas. 1.2:Como visitante, quiero recibir confirmación de que mi mensaje fue enviado para asegurarme de que la consulta fue recibida correctamente. | E9: Dado que el usuario desea comunicarse con la empresa cuando completa correctamente el formulario entonces el sistema debe enviar la consulta. | F9: RF-01: El sistema debe permitir enviar consultas mediante formulario. RF-02: El sistema debe validar campos obligatorios. RF-03: El sistema debe confirmar el envío exitoso. | G9: RNF-01: El formulario debe ser intuitivo. RNF-02: Debe responder en menos de 3 segundos. | H9: 1. Mostrar mensaje de validación para campos incompletos. 2. Mostrar mensaje ante errores de envío.
B10: 2.1: Acceso y Creación de Usuario | C10: User Story 2.1.1: Registro de usuarios | D10: 1.1:Como visitante, quiero registrarme para acceder a la plataforma. 1.2:Como usuario, quiero ingresar mi correo y contraseña para crear una cuenta. 1.3:Como usuario, quiero recibir confirmación de registro para saber si fue exitoso. | E10: Dado que el usuario no posee una cuenta o ingresa un correo ya registrado cuando completa correctamente el formulario de registro o ingreso entonces el sistema debe crear la cuenta o mostrar los mensajes de validación correspondientes. | F10: RF-01: El sistema debe permitir registrar nuevos usuarios. RF-02: El sistema debe validar formato de correo electrónico. RF-03: El sistema no debe permitir usuarios duplicados. | G10: RNF-01: El registro debe completarse en menos de 5 segundos. RNF-02: Los datos del usuario deben almacenarse de forma segura. | H10: 1. Mostrar mensaje para correo inválido. 2. Mostrar mensaje para usuario existente. 3. Mostrar mensaje para campos obligatorios incompletos.
C12: User Story 2.1.2: Gestión de perfiles | D12: 1.1:Como usuario candidato, quiero cargar mis datos profesionales para poder crear mi perfil laboral. 1.2:Como empresa interesada, quiero poder ver los datos profesionales de los postulantes para evaluar los perfiles. | E12: Dado que el usuario inició sesión o actualiza datos cuando accede a su perfil entonces debe visualizar sus datos personales y cambios realizados. | F12: RF-01: El sistema debe permitir consultar información del perfil. RF-02: El sistema debe permitir editar datos personales. RF-03: El sistema debe guardar modificaciones realizadas. | G12: RNF-01: La actualización debe ejecutarse en menos de 3 segundos. RNF-02: La información debe almacenarse de manera segura. | H12: 1. Informar cuando no sea posible guardar cambios. 2. Validar datos incorrectos antes de actualizar.
C14: User Story 2.1.3: Postulación laboral | D14: 1.1:Como candidato, quiero postularme para ver todas las oportunidades laborales. 1.2:Como reclutador, quiero visualizar candidatos para evaluar o solicitar postulaciones. | E14: Dado que el usuario encuentra una vacante cuando selecciona la opción Postularme entonces el sistema debe ser capaz de registrar o impedir la postulación. | F14: RF-01: El sistema debe permitir postularse a vacantes. RF-02: El sistema debe registrar las postulaciones realizadas. RF-03: El sistema debe confirmar la operación. | G14: RNF-01: La postulación debe procesarse en menos de 5 segundos. RNF-02: La información del postulante debe mantenerse protegida. | H14: 1. Informar campos faltantes. 2. Informar errores durante el proceso de postulación.
B16: 3.1: Usuario | C16: User Story 3.1.1: Busqueda Laboral | D16: 1.1:Como usuario, quiero poder acceder a mi perfil para poder realizar busquedas de empleo a traves de palabras claves y filtros. 1.2:Como empresa interesada, quiero realizar busquedas o revisión de postulantes para poder evaluar los perfiles buscados o aplicados. | E16: Dado que existen ofertas laborales publicadas cuando el usuario accede a la búsqueda entonces debe visualizar las vacantes disponibles , aplicar filtros y obtener resultados de busqueda. | F16: RF-01: El sistema debe mostrar vacantes disponibles. RF-02: El sistema debe permitir búsquedas por criterios. RF-03: El sistema debe filtrar resultados. | G16: RNF-01: Los resultados deben mostrarse en menos de 3 segundos. RNF-02: La búsqueda debe funcionar en distintos navegadores. | H16: 1. Mostrar mensaje cuando no existan resultados. 2. Informar errores de búsqueda.
C18: User Story 3.1.2: Notificaciones | D18: 1.1:Como usuario, quiero poder recibir notificaciones para poder estar actualizado con las oportunidades. 1.2:Como empresa interesada, quieropoder recibir y enviar notificaciones para poder manterner contacto con usuario y actualizaciones. | E18: Dado que ocurre un evento relevante para el usuario cuando el sistema genera una notificación entonces el usuario debe recibir el aviso correspondiente. | F18: RF-01: El sistema debe generar notificaciones automáticas. RF-02: El sistema debe mostrar las notificaciones al usuario. RF-03: El sistema debe almacenar el historial de notificaciones. | G18: RNF-01: Las notificaciones deben enviarse en tiempo razonable. RNF-02: La información debe mantenerse disponible y segura. | H18: 1. Informar cuando una notificación no pueda enviarse. 2. Registrar errores de entrega para auditoría.

Sheet Criterios No-Funcionales
B2: Tipo de criterio | C2: Criterio | D2: Descripción / Ejemplo | E2: Importancia para la calidad del sistema
B3: Funcional | C3: Login | D3: Permitir que los candidatos y empresas ingresen con usuario y contraseña, con recuperación de contraseña. | E3: Garantiza seguridad y acceso personalizado, evitando accesos no autorizados.
B4: Funcional | C4: Registro y perfil del candidato | D4: Permitir crear, editar y actualizar perfil profesional con experiencia, habilidades y educación. | E4: Permite a los usuarios mostrar sus competencias y recibir ofertas relevantes.
B5: Funcional | C5: Carga de CV y portafolio | D5: Subir documentos o archivos multimedia que respalden la experiencia y habilidades del candidato. | E5: Mejora la visibilidad del candidato y facilita a las empresas evaluar competencias.
B6: Funcional | C6: Búsqueda y filtrado de empleos | D6: Buscar ofertas por palabras clave, ubicación, tipo de contrato o industria. | E6: Ahorra tiempo al usuario y asegura que encuentre oportunidades relevantes.
B7: Funcional | C7: Postulación a empleos | D7: Aplicar a ofertas con un solo clic y enviar información personalizada (currículum, carta de presentación). | E7: Agiliza el proceso y aumenta la tasa de aplicación exitosa.
B8: Funcional | C8: Recomendaciones inteligentes | D8: Sugerir empleos o mejoras en el perfil según habilidades, experiencia y preferencias del usuario. | E8: Aumenta la probabilidad de coincidencia con empleos y mejora la satisfacción del usuario.
B9: Funcional | C9: Notificaciones y alertas | D9: Enviar alertas sobre nuevas ofertas, respuestas de empresas o recordatorios de entrevistas. | E9: Mantiene al usuario informado y activo, mejorando la interacción con la plataforma.
B10: Funcional | C10: Panel de administración para empresas | D10: Permitir a las empresas publicar ofertas, revisar candidatos y filtrar perfiles. | E10: Facilita la gestión de reclutamiento y garantiza que los candidatos adecuados sean contactados.
B11: Funcional | C11: Validación de formularios | D11: El sistema debe validar campos obligatorios, formatos de email y contraseñas. | E11: Evita errores de ingreso y mejora la integridad de datos.
B12: Funcional | C12: Gestión de sesiones | D12: El sistema debe mantener la sesión activa y permitir cierre de sesión seguro. | E12: Protege la información del usuario y mejora seguridad.
B13: Funcional | C13: Filtros de búsqueda | D13: El sistema debe permitir filtrar empleos por categoría o ubicación. | E13: Facilita encontrar oportunidades relevantes rápidamente.
... B21: No funcional | C21: Tolerancia y tiempo de recuperación | D21: El sistema debe recuperarse rápidamente ante fallos o caídas. | E21: Reduce impacto en usuarios y mejora disponibilidad del servicio.

Sheet Test Sets
B2: ID | C2: Funcionalidad | D2: Escenario de prueba | E2: Pasos de ejecución | F2: Resultado esperado | G2: Estado | H2: Prioridad | I2: Ambiente | J2: Entorno de Prueba
B3: TC-01 Registro__Login | C3: Registro | D3: Registro exitoso pero permite cuentas inválidas y duplicadas | E3: 1. Ir a registro 2. Completar datos 3. Confirmar | F3: Usuario creado correctamente | G3: Exitoso | H3: Critica | I3: QA | J3: Windows 10 – Chrome
B4: TC-02 Registro__Input | C4: Registro | D4: Campos incompletos/erroneos | E4: 1. Registro 2. No completar todos los campos 3. Confirmar | F4: Registro Fallido/Mensaje error | G4: Bloqueado | H4: Alta | I4: QA | J4: Windows 10 – Chrome
B5: TC-03 Registro__User | C5: Registro | D5: Validacion de Datos | E5: 1. Registro 2. Usar datos erroneos o existentes 3. Confirmar | F5: Mensaje de error | G5: Bloqueado | H5: Alta | I5: QA | J5: Windows 10 – Chrome
B6: TC-04 Login__Login | C6: Login | D6: Login exitoso | E6: 1. Ir a "Carga tu CV" 2. Ingresar credenciales válidas 3. Click en ingresar | F6: Acceso al dashboard | G6: Falló | H6: Critica | I6: QA | J6: Windows 10 – Chrome
B7: TC-05 Login__Input | C7: Login | D7: Campos incompletos/erroneos | E7: 1. Login 2. Dejar campos vacíos/erroneos 3. Ingresar | F7: Ingreso Fallido/Mensaje Error | G7: Bloqueado | H7: Alta | I7: QA | J7: Windows 10 – Chrome
B8: TC-06 Login__User | C8: Perfil | D8: Validacion de Datos | E8: 1. Ir a "Subir mi CV" 2. Ingresar credenciales válidas 3. Click en ingresar | F8: Ingreso Exitoso | G8: Bloqueado | H8: Media | I8: QA | J8: Windows 10 – Chrome
B9: TC-07 Login__UserData | C9: Perfil | D9: Actualizar datos | E9: 1. Editar perfil 2. Guardar cambios | F9: Datos actualizados | G9: Bloqueado | H9: Media | I9: QA | J9: Windows 10 – Chrome
B10: TC-08 Cv | C10: Carga de CV | D10: Validación de archivo | E10: 1. Ir a perfil 2. Subir PDF 3. Validar y Confirmar | F10: CV cargado | G10: Falló | H10: Alta | I10: QA | J10: Windows 10 - Chrome
B11: TC-09 Search__Word | C11: Búsqueda de empleos | D11: Búsqueda por keyword | E11: 1. Buscar “marketing” 2. Ejecutar | F11: Resultados relevantes | G11: Bloqueado | H11: Alta | I11: QA | J11: Windows 10 – Chrome
B12: TC-10 Search__Jobs | C12: Búsqueda de empleos | D12: Filtrar por ubicación | E12: 1. Aplicar filtro ciudad 2. Buscar | F12: Resultados filtrados | G12: Bloqueado | H12: Media | I12: QA | J12: Windows 10 – Chrome
B13: TC-11 Search_Users | C13: Búsqueda de empleos | D13: Sin resultados | E13: 1. Buscar término inexistente 2. Ejecutar | F13: Mensaje “sin resultados” | G13: Bloqueado | H13: Media | I13: QA | J13: Windows 10 – Chrome
... B23: TC-21 Home__Form | C23: Formulario | D23: Campos incompletos/erroneos/validacion de datos | E23: 1. Completar formulario | F23: Formulario Enviado Correctamente | G23: Falló | H23: Media | I23: QA | J23: Chrome/Safari/Edge Browsers
B24: Test Case

Sheet Prueba y Metodologías
B2: Metodología | C2: Descripción | D2: Ventajas | E2: Desventajas
B3: Waterfall (Cascada) | C3: Es una metodología tradicional donde el desarrollo y las pruebas se realizan en etapas secuenciales: primero se construye todo el sistema y luego se prueba al final. | D3: Fácil de planificar y estructurar. Documentación clara desde el inicio. Útil cuando los requisitos son estables y no cambian. | E3: Las pruebas se hacen al final(errores se detectan tarde). Difícil corregir fallos cuando el sistema ya está completo. Poco flexible ante cambios en requisitos. Riesgo alto en plataformas dinámicas como Talento Lab.
B4: Agile | C4: Es una metodología iterativa donde el desarrollo y las pruebas se hacen en ciclos cortos (sprints). Las pruebas se integran desde el inicio del desarrollo. | D4: Detección temprana de errores. Flexibilidad ante cambios en requisitos. Mejora continua del producto. Retroalimentación constante del usuario. Ideal para plataformas en crecimiento como Talento Lab. | E4: Requiere buena coordinación del equipo. Puede haber cambios frecuentes que generan retrabajo. Menos documentación formal que Waterfall.
B5: DevOps | C5: Es una metodología que integra desarrollo + testing + operaciones, automatizando pruebas y despliegues continuamente. | D5: Integración y entrega continua (CI/CD). Automatización de pruebas. Detecta errores en tiempo real. Alta eficiencia en plataformas web modernas. | E5: Requiere herramientas y automatización avanzada. Curva de aprendizaje más alta. Necesita madurez técnica del equipo.
B9: Talento Lab es una plataforma que: 1- Evoluciona constantemente (nuevas funciones como filtros, recomendaciones, notificaciones). 2- Depende de la experiencia del usuario (UX/UI en tiempo real). 3- Necesita correcciones rápidas y mejoras frecuentes. | C9: Agile es la más adecuada permitiendo: 1- Probar funcionalidades en cada sprint. 2- Detectar errores antes de llegar al producto final. 3- Adaptarse rápidamente a feedback de usuarios y empresas. Sumando DevOps para automatizar pruebas de: 1-Login 2-Postulación 3-Carga de CV 4-Notificaciones | D9: Conclusión: 1- Waterfall: Demasiado rígido para una plataforma dinámica. 2- DevOps: Excelente, pero requiere madurez y perfeccionamiento mas técnico. 3- Agile: La mejor base para Talento Lab por su flexibilidad y enfoque en el usuario es Agile con prácticas DevOps.

Sheet Bug Report
B3: Bug Report – Talento Lab
B4: ID | C4: Título | D4: Descripción | E4: Tipo De Defecto | F4: Pasos Para Reproducir | G4: Severidad | H4: Prioridad | I4: Entorno | J4: Evidencia adjunta
B5: BR-01- TC-01 Registro__Login | C5: Registro falla al crear usuario | D5: El sistema completa el registro exitoso pero permite cuentas inválidas y duplicadas | E5: Funcional | F5: 1. Ir a registrate 2. Completar datos 3. Confirmar | G5: Critica | H5: Alta | I5: Windows 10 / Chrome - Desktop
B6: BR-02- TC-02 Registro__Input | C6: Inputs sin labels | D6: Los campos del formulario de registro no poseen labels descriptivos. | E6: De Interfaz | F6: 1. Ir a registrate 2. Click e ingresar | G6: Media | H6: Media | I6: Windows 10 / Chrome - Desktop
B7: BR-03- TC-03 Registro__User | C7: Validaciones de Campos | D7: 1. El campo “Nombre” acepta valores numéricos. 2. El campo "Email" permite registros sin formato válido (“@”). 3. El campo "contraseña" no permite verificar su contenido. 4. Registrarse solo valida "Carga de cv". 5.Cargar CV no deberia ser obligatorio para crear un usuario. | E7: Funcional | F7: 1. Ir a registrate. 2. Click e ingresar. 3. Ingresar numeros en el campo "Nombre". 4. Ingresar datos errones en campo "Email". 5. Click en boton "ver contraseña". 6. Registrarse sin subir archivo Cv. | G7: Critica | H7: Alta | I7: Windows 10 / Chrome - Desktop
B8: BR-04 | C8: Botón volver no funciona | D8: El botón “Volver” no redirige al home correctamente. | E8: Logico | F8: 1. Ir a registrate. 2. Click en boton volver. | G8: Media | H8: Media | I8: Windows 10 / Chrome - Desktop
B9: BR-05- TC-04 Login__Login | C9: Boton con texto incorrecto | D9: En la pantalla principal (Home), el botón destinado al acceso de usuarios registrados muestra el texto “Carga tu CV” en lugar de “Ingresar” o “Iniciar sesión”. | E9: De Interfaz | F9: 1. Ir a esquina superior derecha del home. | G9: Media | H9: Media | I9: Windows 10 / Chrome - Desktop
B10: BR-06 TC-04 Login__Login | C10: Boton ingresar no funciona | D10: No permite el ingreso correctamente marcando "error interno del servidor" | E10: Funcional | F10: 1. Ir a "Carga tu Cv" y hacer clic. 2. Clic en boton "ingresar". | G10: Critica | H10: Alta | I10: Windows 10 / Chrome - Desktop
B11: BR-07- TC-05 Login__Input | C11: Inputs sin labels | D11: Los campos del formulario de registro no poseen labels descriptivos. | E11: De Interfaz | F11: 1. Ir a "Carga tu Cv" y hacer clic. | G11: Media | H11: Media | I11: Windows 10 / Chrome - Desktop
B12: BR-08- TC-06 Login__User | C12: Validaciones de Campos | D12: 1. El campo "Email" permite registros sin formato válido (“@”). 2. El campo "contraseña" no permite verificar su contenido. | E12: Funcional | F12: 1. Ir a "Carga tu Cv" y hacer clic. 2. Ingresar numeros en el campo "Nombre". 3. Ingresar datos errones en campo "Email". 4. Click en boton "ver contraseña". | G12: Critica | H12: Alta | I12: Windows 10 / Chrome - Desktop
B13: BR-09 | C13: Boton Ingresar/Cancelar | D13: 1. Tienen diferentes tamaños 2. Boton Ingresar no permite el ingreso correctamente marcando "error interno del servidor" | E13: Funcional | F13: 1. Ir a "Carga tu Cv" y hacer clic. 2. Hacer clic en "ingresar". | G13: Critica | H13: Alta | I13: Windows 10 / Chrome - Desktop
B14: BR-10 | C14: Boton Registrar | D14: 1. Al hacer clic no hace ninguna acción 2. Se deberia agregar otro boton de "Olvide mi contraseña" | E14: Logico | F14: 1. Ir a "Carga tu Cv" y hacer clic. 2. Hacer clic en "Registrar". | G14: Critica | H14: Alta | I14: Windows 10 / Chrome - Desktop
B15: BR-11- TC-08 Cv | C15: Cv Validaciones | D15: El sistema permite subir archivos sin validar el formato , ni tamaño ni tipo de archivo permitido (.pdf, .doc, etc.). | E15: Funcional | F15: 1. Ir a "Carga tu Cv" y hacer clic. 2. Ir a "Seleccionar Archivo". | G15: Alta | H15: Alta | I15: Windows 10 / Chrome - Desktop
B16: BR-12- TC-21 Home__Form | C16: Inputs y Validaciones de Formulario | D16: Los campos del formulario de registro no poseen labels descriptivos ni validaciones de envio (faltan required,labels,validaciones) | E16: De Interfaz | F16: 1. Ir a contacto 2. Ingresar numeros en el campo "Nombre". 3. Ingresar datos errones en campo "Email". | G16: Media | H16: Media | I16: Windows 10 / Chrome - Desktop
B17: BR-13 | C17: Boton Enviar | D17: No permite el envio correctamente marcando "Hubo un error: Unexpected token '<', "" | E17: Logico | F17: 1. Ir a contacto 2. Llenar formulario. 3.Click en "Enviar". | G17: Media | H17: Media | I17: Windows 10 / Chrome - Desktop

Sheet Cobertura de Pruebas
B2: Cobertura de Pruebas – Talento Lab
B3: Fórmula usada: Cobertura (%) = (Casos de Prueba Ejecutados / Cantidad Total de Casos de Prueba) × 100
B5: Cuadro de cobertura
B6: Funcionalidad | C6: Casos totales | D6: Casos ejecutados | E6: Cobertura (%) | F6: Prioridad | G6: Nivel de cobertura | H6: Análisis
B7: Registro | C7: 3 | D7: 3 | E7: =D7/C7 -> 1 | F7: Critica | G7: Alta | H7: Falló y falta probar por bloqueo Email ya registrado y contraseña incorrecta
B8: Login | C8: 2 | D8: 2 | E8: 1 | F8: Critica | G8: Alta | H8: Falló login exitoso y falta probar por bloqueo campos incompletos
B9: Perfil | C9: 2 | D9: 2 | E9: =D9/C9 -> 1 | F9: Media | G9: Media | H9: Perfil y datos actualizados bloqueados por login fallido
B10: Carga de CV | C10: 1 | D10: 1 | E10: =D10/C10 -> 1 | F10: Alta | G10: Alta | H10: Falla crítica , con errores importantes.
B11: Búsqueda de empleos | C11: 3 | D11: 3 | E11: =D11/C11 -> 1 | F11: Media | G11: Media | H11: Funcionalidad bloqueado por login fallido.
B12: Postulación | C12: 3 | D12: 3 | E12: =D12/C12 -> 1 | F12: Critica | G12: Media | H12: Funcionalidad bloqueado por login fallido.
B13: Notificaciones | C13: 2 | D13: 2 | E13: =D13/C13 -> 1 | F13: Media | G13: Media | H13: Funcionalidad bloqueado por login fallido.
B14: Recomendaciones | C14: 1 | D14: 1 | E14: =D14/C14 -> 1 | F14: Media | G14: Media | H14: Funcionalidad bloqueado por login fallido.
B15: Seguridad | C15: 1 | D15: 1 | E15: =D15/C15 -> 1 | F15: Alta | G15: Media | H15: Logout no validado por bloqueo por falla en el login
B16: Compatibilidad | C16: 2 | D16: 0 | E16: =D16/C16 -> 0 | F16: Media | G16: Baja | H16: Sin pruebas cross-browser/mobile
B17: Contacto | C17: 1 | D17: 1 | E17: =D17/C17 -> 1 | F17: Media | G17: Alta | H17: Sin pruebas cross-browser/mobile
B19: Análisis general
B20: 🟢 Alta cobertura | C20: 🟡 Cobertura media | D20: 🔴 Baja cobertura (Crítico)
B21: Carga de Cv | C21: Perfil Busqueda de Empleo Postulación Registro Login Contacto | D21: Compatibilidad Notificaciones Notificaciones Recomendaciones
B23: Funcionalidades con baja cobertura
B24: Registro de usuarios | C24: Notificaciones y Seguridad | D24: Compatibilidad
B25: Falta probar: 1- Validación de campos obligatorios 2- Validación de datos inválidos 3- Manejo de errores y mensajes al usuario 4- Recuperación de contraseña 5- Seguridad de autenticación | C25: Falta probar: 1- Validación de notificaciones funcionales 2- Comportamiento de sesión por inactividad 3- Manejo de errores de autenticación 4- Persistencia y cierre de sesión correctamente | D25: Falta probar: 1- Navegación mobile completa 2- Compatibilidad cross-browser 3- Responsive design en distintas resoluciones 4- Comportamiento de formularios en dispositivos móviles
B27: Priorización de casos de prueba faltantes
B28: Caso de prueba faltante | C28: Prioridad
B29: Validación de campos de registro y datos | C29: Alta
B30: Login y logout | C30: Alta
B31: Notificaciones en tiempo real | C31: Alta
B32: Postulación y búsqueda | C32: Alta
B33: Notificaciones push móvil | C33: Media
B34: Notificaciones | C34: Media
B35: Manejo de errores | C35: Media
B36: UI responsiva en notificaciones | C36: Baja
B38: Conclusión
B39: El sistema de Talento Lab presenta una cobertura escasa y parcial de pruebas, ya que múltiples casos se encuentran bloqueados o no ejecutados debido a fallos en funcionalidades críticas como login, registro y validaciones de formularios. Durante la ejecución de las pruebas se detectaron defectos funcionales, problemas de validación y errores de experiencia de usuario que afectan la estabilidad y confiabilidad de la plataforma. Las funcionalidades relacionadas con autenticación y carga de CV presentan los problemas más críticos, impactando directamente en el flujo principal de negocio.
B40: 👉 Se recomienda corregir los defectos críticos, estabilizar el entorno de pruebas y ampliar la cobertura funcional antes de continuar con nuevas validaciones o despliegues.

Sheet Reporte de Ciclo de Prueba
B2: Reporte de Ciclo de Prueba – Talento Lab
B3: 1. Resumen de ejecución Durante el ciclo de pruebas de Talento Lab se ejecutaron casos de prueba sobre las principales funcionalidades de la plataforma, incluyendo registro, login, carga de CV, postulación y notificaciones.
B4: Total de casos de prueba diseñados: 21 Casos de prueba ejecutados: 20 Casos exitosos: 1 Casos fallidos: 3
B5: Porcentaje de éxito: Porcentaje de éxito = a caso exitoso / caso ejecutado x 100 Éxito (%) = (1 / 20) = (0.05 x 100 ) = 5% ✔ Resultado general: 5% de éxito en ejecución de pruebas
B6: ⚠️ La plataforma presenta múltiples defectos funcionales críticos y de validación que afectan el correcto funcionamiento de las funcionalidades principales. Debido a la cantidad de incidencias detectadas y al bajo porcentaje de éxito obtenido en las pruebas ejecutadas, la versión evaluada no cumple con los criterios mínimos de calidad para su liberación en producción..
B8: 2. Principales defectos detectados e impacto
B9: 1. Fallos en autenticación y validaciones de Login
B10: Impacto: Alto / Crítico El sistema presenta problemas en el proceso de inicio de sesión, permitiendo intentos de ingreso sin validaciones correctas y sin mensajes de error adecuados.
B11: Compromete la seguridad y estabilidad del acceso de usuarios a la plataforma.
B12: 2. Problemas de validación en Registro y Formularios
B13: Impacto: Alto Los formularios no validan correctamente campos obligatorios, formatos de email ni datos inválidos. Además, algunos inputs permiten información incorrecta.
B14: Afecta la experiencia de usuario en dispositivos móviles.
... B19: 3. Evaluación general del sistema
B20: Área | C20: Estado
B21: Registro de usuarios | C21: Inestable - Sin validaciones y controles
B22: Login | C22: Fallido - Presenta problemas funcionales y de validación
B23: Carga de CV | C23: Parcialmente funcional - Sin validación ni confirmación
B24: Postulación | C24: Bloqueada - Fallos en funcionalidades previas
B25: Notificaciones | C25: No validado - Funcionalidad incompleta
B26: UI/UX móvil | C26: Incompleto - Parcialmente optimizado
B27: Formularios de contacto | C27: Incompletos - Sin validaciones adecuadas
B28: Compatibilidad navegadores | C28: Pendiente - Validación incompleta
B30: 4. Recomendaciones antes del release
B31: Correcciones críticas (obligatorias antes de producción)
B32: 1- Corregir fallos funcionales en login y registro. 2- Implementar validaciones correctas en formularios e inputs obligatorios. 3- Validar correctamente la carga de archivos CV (tipo y tamaño). 4- Agregar mensajes de error y confirmaciones visuales para acciones importantes. 5- Corregir problemas de navegación y botones sin funcionamiento esperado.
B33: Mejoras importantes
B34: Mejorar diseño responsive en dispositivos móviles. Agregar recuperación de contraseña en login. Incorporar labels y mejoras de accesibilidad en formularios. Validar casos límite en registro, login y postulación. Mejorar experiencia de usuario y consistencia visual de la interfaz.
B35: Pruebas adicionales recomendadas
B36: Pruebas cross-browser (Chrome, Edge, Safari y Firefox). Pruebas en distintos dispositivos móviles. Pruebas de usabilidad y accesibilidad. Pruebas de validación de formularios y archivos. Pruebas de seguridad básicas sobre autenticación y manejo de sesiones.
B38: 5. Conclusión final
B39: Talento Lab presenta un estado parcialmente funcional, pero actualmente no se considera estable para una release productiva debido a la cantidad de fallos críticos y casos bloqueados detectados durante las pruebas. Las principales problemáticas encontradas afectan funcionalidades esenciales del sistema, especialmente en autenticación, validaciones de formularios y carga de CV. Además, se identificaron problemas de experiencia de usuario, navegación y ausencia de feedback visual en distintos flujos de la plataforma. Antes de su release se deben resolver principalmente: 1- Corregir fallos funcionales en login y registro. 2- Implementar validaciones correctas en formularios e inputs. 3- Validar correctamente la carga de archivos CV. 4- Mejorar mensajes de error y confirmaciones visuales. 5- Completar pruebas de compatibilidad y usabilidad móvil.
B40: Una vez resueltos los defectos críticos y ampliada la cobertura de pruebas, la plataforma podrá avanzar hacia un entorno de producción más estable, confiable y escalable.

Sheet Dashboard
B2: QA Dashboard
B3: KPI | C3: Valor
B4: Test Cases | C4: =COUNTA('Test Sets'!B3:B23) -> 21
B5: Éxitos | C5: =COUNTIF('Test Sets'!G3:G23,"*Exitoso*") -> 1
B6: Fallos | C6: =COUNTIF('Test Sets'!G3:G23,"*Falló*") -> 3
B7: Bloqueados | C7: =COUNTIF('Test Sets'!G3:G23,"*Bloqueado*") -> 16
B8: No Ejecutados | C8: =COUNTIF('Test Sets'!G3:G23,"*No Ejecutado*") -> 1
B9: Porcentaje de éxito | C9: =C5/C4 -> 0.047619048
B12: Estado | C12: Cantidad
B13: Éxitos | C13: =COUNTIF('Test Sets'!G3:G23,"*Exitoso*") -> 1
B14: Bloqueados | C14: =COUNTIF('Test Sets'!G3:G23,"*Bloqueado*") -> 16
B15: Fallos | C15: =COUNTIF('Test Sets'!G3:G23,"*Falló*") -> 3
B16: No Ejecutados | C16: =COUNTIF('Test Sets'!G3:G23,"*No Ejecutado*") -> 1
B35: Prioridad | C35: Cantidad
B36: Critica | C36: =COUNTIF('Test Sets'!H3:H23,"*Critica*") -> 3
B37: Alta | C37: =COUNTIF('Test Sets'!H3:H23,"*Alta*") -> 8
B38: Media | C38: =COUNTIF('Test Sets'!H3:H23,"*Media*") -> 10
B39: Baja | C39: =COUNTIF('Test Sets'!H3:H23,"*Baja*") -> 0
B48: Funcionalidad | C48: Covertura
B49: Registro | C49: ='Cobertura de Pruebas'!E7 -> 1
B50: Login | C50: ='Cobertura de Pruebas'!E8 -> 1
B51: Perfil | C51: ='Cobertura de Pruebas'!E9 -> 1
B52: Carga de CV | C52: ='Cobertura de Pruebas'!E10 -> 1
B53: Búsqueda de empleos | C53: ='Cobertura de Pruebas'!E11 -> 1
B54: Postulación | C54: ='Cobertura de Pruebas'!E12 -> 1
B55: Notificaciones | C55: ='Cobertura de Pruebas'!E13 -> 1
B56: Recomendaciones | C56: ='Cobertura de Pruebas'!E14 -> 1
B57: Seguridad | C57: ='Cobertura de Pruebas'!E15 -> 1
B58: Compatibilidad | C58: ='Cobertura de Pruebas'!E16 -> 0
B59: Contacto | C59: ='Cobertura de Pruebas'!E17 -> 1
